eval_id,jury_verdict,jury_confidence,votes_c,votes_i,votes_u,human_verdict,human_score,sys_label,hum_label,sys_conf
eval_20250915_075643_c577d6b2,incorrect,0.8426155838220732,0,5,0,,,0,,0.8426155838220732
eval_20250915_050627_55dd1d62,incorrect,0.9261118266535344,0,5,0,,,0,,0.9261118266535344
eval_20250915_053601_c6bc33d8,correct,0.7499999999999999,4,1,0,,,1,,0.7499999999999999
eval_20250915_073521_da951c20,incorrect,0.6821085402413714,0,5,0,,,0,,0.6821085402413714
eval_20250915_040221_19cc2e19,correct,0.7985062713797034,5,0,0,,,1,,0.7985062713797034
eval_20250915_083300_6b604c03,correct,0.8180581039755351,5,0,0,,,1,,0.8180581039755351
eval_20250915_040932_01f05664,incorrect,0.7729955947136563,0,5,0,,,0,,0.7729955947136563
eval_20250915_064815_54718d61,incorrect,0.7425801011804384,0,5,0,,,0,,0.7425801011804384
eval_20250915_062042_8e9ed93a,incorrect,0.8457048458149778,0,5,0,,,0,,0.8457048458149778
eval_20250915_031316_4d748ab8,incorrect,0.8350815582421799,0,5,0,,,0,,0.8350815582421799
eval_20250915_080714_548bb3f9,incorrect,0.8351669528715893,0,5,0,,,0,,0.8351669528715893
eval_20250915_043624_b06733dc,incorrect,0.9032314080785201,0,5,0,,,0,,0.9032314080785201
eval_20250915_041913_8f878dd5,incorrect,0.8351212917475914,0,5,0,,,0,,0.8351212917475914
eval_20250915_020228_c6538325,incorrect,0.84249790124399,0,5,0,,,0,,0.84249790124399
eval_20250915_022459_56ec1b28,incorrect,0.7589641434262948,0,5,0,,,0,,0.7589641434262948
eval_20250915_072437_faf8c54a,incorrect,0.9031207133058985,0,5,0,,,0,,0.9031207133058985
eval_20250915_053120_9a77bc58,incorrect,0.8474325567136726,0,5,0,,,0,,0.8474325567136726
eval_20250915_074956_260cd5f7,incorrect,0.8425510826471484,0,5,0,,,0,,0.8425510826471484
eval_20250915_060043_b0651800,incorrect,0.75,2,3,0,,,0,,0.75
eval_20250915_084825_e59d76c3,correct,0.8232506241016717,5,0,0,,,1,,0.8232506241016717
eval_20250915_054615_3f1f83cb,incorrect,0.8787264007308162,0,5,0,,,0,,0.8787264007308162
eval_20250915_021521_2d9b8ad0,incorrect,0.8351536552777247,0,5,0,,,0,,0.8351536552777247
eval_20250915_054826_961dc36c,incorrect,0.8277167696179365,0,5,0,,,0,,0.8277167696179365
eval_20250915_055236_c48f1298,incorrect,0.6425557933353714,0,5,0,,,0,,0.6425557933353714
eval_20250915_062145_1efa8e7d,incorrect,0.8278836624228101,0,5,0,,,0,,0.8278836624228101
eval_20250915_071633_843fde8d,incorrect,0.8640439996944466,0,5,0,,,0,,0.8640439996944466
eval_20250915_050657_b4ffa76d,correct,0.8151219512195121,5,0,0,,,1,,0.8151219512195121
eval_20250915_042514_fb6ff8d4,correct,0.7837178111587983,5,0,0,,,1,,0.7837178111587983
eval_20250915_052853_f0e73ac1,correct,0.7897947068060822,5,0,0,,,1,,0.7897947068060822
eval_20250915_070818_26737d66,incorrect,0.8277676537585421,0,5,0,,,0,,0.8277676537585421
eval_20250915_015852_94b3babc,incorrect,0.7254185022026433,0,5,0,,,0,,0.7254185022026433
eval_20250915_063204_805b2747,incorrect,0.8097925564368517,0,5,0,,,0,,0.8097925564368517
eval_20250915_054323_75ae0475,incorrect,0.8598990283863593,0,5,0,,,0,,0.8598990283863593
eval_20250915_042010_f663adc2,incorrect,0.6753515207091548,0,5,0,,,0,,0.6753515207091548
eval_20250915_031012_b0b420d6,correct,0.835021908935035,5,0,0,,,1,,0.835021908935035
eval_20250915_050059_e246236f,incorrect,0.8130903255387436,0,5,0,,,0,,0.8130903255387436
eval_20250915_040507_661cf725,incorrect,0.8425132052361631,0,5,0,,,0,,0.8425132052361631
eval_20250915_032421_82056f5a,incorrect,0.645063908187157,0,5,0,,,0,,0.645063908187157
eval_20250915_032154_7ac5c405,incorrect,0.7934188489646772,0,5,0,,,0,,0.7934188489646772
eval_20250915_071020_a8eb8bf3,incorrect,0.7820746824853602,0,5,0,,,0,,0.7820746824853602
eval_20250915_060447_f7719f27,incorrect,0.8424781119147317,0,5,0,,,0,,0.8424781119147317
eval_20250915_081624_fe4ec963,correct,0.85,5,0,0,,,1,,0.85
eval_20250915_054450_d427baec,incorrect,0.672545871559633,0,5,0,,,0,,0.672545871559633
eval_20250915_033747_133ec654,incorrect,0.6303183513399208,0,5,0,,,0,,0.6303183513399208
eval_20250915_083221_c1579089,incorrect,0.8425725603717525,0,5,0,,,0,,0.8425725603717525
eval_20250915_063715_5375fa17,incorrect,0.8278194051532992,0,5,0,,,0,,0.8278194051532992
eval_20250915_071805_1e0abfe2,incorrect,0.7010597376620379,0,5,0,,,0,,0.7010597376620379
eval_20250915_035353_fe966d27,incorrect,0.7747509637036755,0,5,0,,,0,,0.7747509637036755
eval_20250915_032246_0df66308,incorrect,0.8795328163419707,0,5,0,,,0,,0.8795328163419707
eval_20250915_075213_afaa42c9,incorrect,0.8279101741521538,0,5,0,,,0,,0.8279101741521538
eval_20250915_064035_73875170,incorrect,0.8090321473515615,0,5,0,,,0,,0.8090321473515615
eval_20250915_045149_6ce31af0,incorrect,0.8246062691131499,0,5,0,,,0,,0.8246062691131499
eval_20250915_073156_746c64d1,correct,0.7998967100229533,5,0,0,,,1,,0.7998967100229533
eval_20250915_053656_0af9d2b7,correct,0.7649952462445333,5,0,0,,,1,,0.7649952462445333
eval_20250915_030009_262f3c87,incorrect,0.75,0,5,0,,,0,,0.75
eval_20250915_050413_8381a2b9,incorrect,0.7008443931525293,0,5,0,,,0,,0.7008443931525293
eval_20250915_030213_11cf81b9,incorrect,0.7246498813805771,0,5,0,,,0,,0.7246498813805771
eval_20250915_074234_470cbdff,incorrect,0.7425560503685504,0,5,0,,,0,,0.7425560503685504
eval_20250915_030810_fd561776,incorrect,0.7852053646269908,0,5,0,,,0,,0.7852053646269908
eval_20250915_031037_1e062410,correct,0.8083866788599298,5,0,0,,,1,,0.8083866788599298
eval_20250915_060842_52fef8f0,incorrect,0.827652061659959,0,5,0,,,0,,0.827652061659959
eval_20250915_022642_6f78afc5,incorrect,0.9081529581529582,0,5,0,,,0,,0.9081529581529582
eval_20250915_055011_85d583aa,incorrect,0.9098642050656086,0,5,0,,,0,,0.9098642050656086
eval_20250915_050942_6aa82bb9,incorrect,0.8351387884095496,0,5,0,,,0,,0.8351387884095496
eval_20250915_031528_a4984918,correct,0.7590739095881446,4,1,0,,,1,,0.7590739095881446
eval_20250915_045602_668422b7,incorrect,0.8425528654612321,0,5,0,,,0,,0.8425528654612321
eval_20250915_021256_d15ab315,correct,0.8073433258134822,5,0,0,,,1,,0.8073433258134822
eval_20250915_032702_3ac17708,incorrect,0.8852624752021977,0,5,0,,,0,,0.8852624752021977
eval_20250915_031848_1d942a1d,incorrect,0.785177445094612,0,5,0,,,0,,0.785177445094612
eval_20250915_032744_9e083100,incorrect,0.9190067384931662,0,5,0,,,0,,0.9190067384931662
eval_20250915_041215_d6d825b6,incorrect,0.7426027081089399,0,5,0,,,0,,0.7426027081089399
eval_20250915_042250_9c2cb6fe,incorrect,0.8499999999999999,0,5,0,,,0,,0.8499999999999999
eval_20250915_034709_c547c514,incorrect,0.902375740649885,0,5,0,,,0,,0.902375740649885
eval_20250915_031228_580f8fc0,incorrect,0.7003136714864969,0,5,0,,,0,,0.7003136714864969
eval_20250915_031135_58c0923e,incorrect,0.8279243119266055,0,5,0,,,0,,0.8279243119266055
eval_20250915_061131_f289fdc0,incorrect,0.7410850933578206,0,5,0,,,0,,0.7410850933578206
eval_20250915_055606_27411c56,incorrect,0.8278641664761035,0,5,0,,,0,,0.8278641664761035
eval_20250915_032614_1c68a19f,incorrect,0.8278588900779698,0,5,0,,,0,,0.8278588900779698
eval_20250915_015922_e26429f4,incorrect,0.8278050088075362,0,5,0,,,0,,0.8278050088075362
eval_20250905_191321_8aba9e63,correct,0.8396612105062812,5,0,0,,,1,,0.8396612105062812
eval_20250915_051621_ff6877e9,correct,0.825518545398984,5,0,0,,,1,,0.825518545398984
eval_20250915_063129_188e62ff,incorrect,0.8350500361477873,0,5,0,,,0,,0.8350500361477873
eval_20250915_085246_c64c9c8b,incorrect,0.8352740898543008,0,5,0,,,0,,0.8352740898543008
eval_20250915_021458_8656ffdc,incorrect,0.8351141691762285,0,5,0,,,0,,0.8351141691762285
eval_20250915_060303_7f984b81,incorrect,0.8278157774737801,0,5,0,,,0,,0.8278157774737801
eval_20250915_085352_13c12900,incorrect,0.8425190548780489,0,5,0,,,0,,0.8425190548780489
eval_20250910_154326_85c54994,correct,0.7870484682213078,5,0,0,,,1,,0.7870484682213078
eval_20250915_065917_a3f9699a,correct,0.7224462108762946,5,0,0,,,1,,0.7224462108762946
eval_20250910_154127_765516c2,correct,0.7463794683776351,5,0,0,,,1,,0.7463794683776351
eval_20250915_031409_1ac0df3f,correct,0.8574579510703363,5,0,0,,,1,,0.8574579510703363
eval_20250915_060408_fd592662,correct,0.7485414837157802,5,0,0,,,1,,0.7485414837157802
eval_20250915_032223_8bef7c8e,incorrect,0.7745945430261398,0,5,0,,,0,,0.7745945430261398
eval_20250915_055503_74da133e,incorrect,0.8499999999999999,0,5,0,,,0,,0.8499999999999999
eval_20250915_033147_4320a9c8,correct,0.7650857623104251,5,0,0,,,1,,0.7650857623104251
eval_20250915_060554_cca3caa8,incorrect,0.8098554583491823,0,5,0,,,0,,0.8098554583491823
eval_20250915_064846_cd97555f,incorrect,0.7246883841859754,0,5,0,,,0,,0.7246883841859754
eval_20250915_022155_62196234,incorrect,0.878527373791213,0,5,0,,,0,,0.878527373791213
eval_20250915_074924_60f8ead1,incorrect,0.8190128493537193,0,5,0,,,0,,0.8190128493537193
eval_20250915_050442_4e1609cd,incorrect,0.9351153513228706,0,5,0,,,0,,0.9351153513228706
eval_20250915_044611_488ee5e3,incorrect,0.8229394240317774,0,5,0,,,0,,0.8229394240317774
eval_20250915_052220_8e9e2851,incorrect,0.7928337084652652,0,5,0,,,0,,0.7928337084652652
eval_20250915_030833_1ecba5a7,incorrect,0.8425972540045766,0,5,0,,,0,,0.8425972540045766
eval_20250915_064654_ee43a3b7,incorrect,0.827989812210142,0,5,0,,,0,,0.827989812210142
eval_20250915_081117_bc0a3af0,incorrect,0.8180953829771052,0,5,0,,,0,,0.8180953829771052
eval_20250915_065530_b67e6075,correct,0.7330820450022961,5,0,0,,,1,,0.7330820450022961
eval_20250915_063937_7db39238,correct,0.7895786420365634,5,0,0,,,1,,0.7895786420365634
eval_20250915_044918_58ef61d3,incorrect,0.9351070278461827,0,5,0,,,0,,0.9351070278461827
eval_20250915_074601_7223db2d,incorrect,0.8351607490179628,0,5,0,,,0,,0.8351607490179628
eval_20250915_061429_a1de4d67,incorrect,0.8303534026429034,0,5,0,,,0,,0.8303534026429034
eval_20250915_042924_27b4fb84,incorrect,0.9277466282770117,0,5,0,,,0,,0.9277466282770117
eval_20250915_042805_a51620af,incorrect,0.7161166494786294,0,5,0,,,0,,0.7161166494786294
eval_20250915_040540_3294228d,correct,0.7573871461361896,5,0,0,,,1,,0.7573871461361896
eval_20250915_040857_eb0c371a,incorrect,0.7425007628928897,0,5,0,,,0,,0.7425007628928897
eval_20250915_062013_4b94c7db,incorrect,0.85,1,4,0,,,0,,0.85
eval_20250915_044142_1cb18dec,incorrect,0.8926462215812047,0,5,0,,,0,,0.8926462215812047
eval_20250915_053324_c90df517,incorrect,0.8278628571428571,0,5,0,,,0,,0.8278628571428571
eval_20250915_041450_dcaf7df7,incorrect,0.9278544875199151,0,5,0,,,0,,0.9278544875199151
eval_20250915_072801_716af2d7,correct,0.7821990936323833,5,0,0,,,1,,0.7821990936323833
eval_20250915_015710_c23a6fdc,incorrect,0.7854207958530264,0,5,0,,,0,,0.7854207958530264
eval_20250915_054104_9ea7a592,incorrect,0.9278485330907437,0,5,0,,,0,,0.9278485330907437
eval_20250915_061208_a5b83c24,correct,0.7664466888557327,5,0,0,,,1,,0.7664466888557327
eval_20250915_034734_289326f4,correct,0.8574960127591705,5,0,0,,,1,,0.8574960127591705
eval_20250915_020104_8bd4d9bd,incorrect,0.6575115384615385,0,5,0,,,0,,0.6575115384615385
eval_20250915_063837_3da3bc6b,correct,0.7574269139760325,5,0,0,,,1,,0.7574269139760325
eval_20250915_055140_c61a715b,incorrect,0.7425575153374233,0,5,0,,,0,,0.7425575153374233
eval_20250915_043554_9c3cd65b,correct,0.7928489637009045,5,0,0,,,1,,0.7928489637009045
eval_20250915_061611_4cbd492c,incorrect,0.8277268560953254,0,5,0,,,0,,0.8277268560953254
eval_20250915_054133_b6c815b9,correct,0.8246875476299346,5,0,0,,,1,,0.8246875476299346
eval_20250915_035454_a0ee5181,incorrect,0.9031564118184585,0,5,0,,,0,,0.9031564118184585
eval_20250915_041347_d522be65,incorrect,0.8350797741312009,0,5,0,,,0,,0.8350797741312009
eval_20250915_043048_69b9c7fe,correct,0.7725086042065009,5,0,0,,,1,,0.7725086042065009
eval_20250915_051428_5ef0878f,incorrect,0.8277101515847497,0,5,0,,,0,,0.8277101515847497
eval_20250915_033247_888d8cdd,correct,0.8254921146540809,5,0,0,,,1,,0.8254921146540809
eval_20250915_083643_0039b289,incorrect,0.8068169741137174,0,5,0,,,0,,0.8068169741137174
eval_20250915_053148_f146e556,correct,0.7664910532970612,5,0,0,,,1,,0.7664910532970612
eval_20250915_045400_551ac967,incorrect,0.8425429919342565,0,5,0,,,0,,0.8425429919342565
eval_20250915_081912_a7777029,incorrect,0.7179774853578764,0,5,0,,,0,,0.7179774853578764
eval_20250915_022104_9a80add4,incorrect,0.7499999999999999,0,5,0,,,0,,0.7499999999999999
eval_20250915_053722_d8fe5c12,incorrect,0.75,0,5,0,,,0,,0.75
eval_20250915_044737_f2c1ba6f,incorrect,0.693376363915783,0,5,0,,,0,,0.693376363915783
eval_20250915_050134_55576db8,incorrect,0.7182202421750058,0,5,0,,,0,,0.7182202421750058
eval_20250915_032952_de49339b,incorrect,0.6807596513075964,2,3,0,,,0,,0.6807596513075964
eval_20250905_191419_a6ce6b9a,correct,0.7440557160160253,4,1,0,,,1,,0.7440557160160253
eval_20250915_022247_66426fc4,incorrect,0.7397121535181236,0,5,0,,,0,,0.7397121535181236
eval_20250915_031344_91b64407,incorrect,0.8031195112638412,0,5,0,,,0,,0.8031195112638412
eval_20250915_034822_fba5a3ca,correct,0.7574470534069981,5,0,0,,,1,,0.7574470534069981
eval_20250915_031647_5af7d80e,incorrect,0.8398760251764257,0,5,0,,,0,,0.8398760251764257
eval_20250915_051138_b9932d76,incorrect,0.842539998468958,0,5,0,,,0,,0.842539998468958
eval_20250915_062319_7851f2be,incorrect,0.8549624002748405,0,5,0,,,0,,0.8549624002748405
eval_20250915_053912_a9d54990,incorrect,0.8525076687116564,0,5,0,,,0,,0.8525076687116564
eval_20250915_054351_ff189ac4,incorrect,0.835254528122021,0,5,0,,,0,,0.835254528122021
eval_20250915_022921_be6a5f74,incorrect,0.7277948049957857,0,5,0,,,0,,0.7277948049957857
eval_20250915_054038_ccfb28a4,correct,0.85,5,0,0,,,1,,0.85
eval_20250915_044848_4a0fd2c9,correct,0.7650154621463751,5,0,0,,,1,,0.7650154621463751
eval_20250915_032010_ae819d23,incorrect,0.7427583307856925,0,5,0,,,0,,0.7427583307856925
eval_20250915_032523_3599db32,incorrect,0.9276535253980289,0,5,0,,,0,,0.9276535253980289
eval_20250905_191345_67094c2d,incorrect,0.9547389771391743,0,5,0,,,0,,0.9547389771391743
eval_20250915_064911_6e4274a8,incorrect,0.7165152365882294,1,4,0,,,0,,0.7165152365882294
eval_20250915_083402_35ce4d7e,incorrect,0.8278958190541468,0,5,0,,,0,,0.8278958190541468
eval_20250915_073343_f6bc8e90,incorrect,0.8350783245035639,0,5,0,,,0,,0.8350783245035639
eval_20250915_022128_29cb505d,incorrect,0.8425759537044086,0,5,0,,,0,,0.8425759537044086
eval_20250915_045536_7c61807c,incorrect,0.8351181556195965,0,5,0,,,0,,0.8351181556195965
eval_20250915_081505_d336a699,correct,0.8211257506498162,4,1,0,,,1,,0.8211257506498162
eval_20250915_030656_c33293fd,incorrect,0.9351385773485914,0,5,0,,,0,,0.9351385773485914
eval_20250915_083838_a60ddc92,incorrect,0.8351717695504632,0,5,0,,,0,,0.8351717695504632
eval_20250915_030058_6dc2726b,incorrect,0.8441487741738999,0,5,0,,,0,,0.8441487741738999
eval_20250915_052506_55ea5f61,correct,0.8150882150767585,5,0,0,,,1,,0.8150882150767585
eval_20250915_072925_fc6e374d,incorrect,0.8394466067194558,1,4,0,,,0,,0.8394466067194558
eval_20250915_040619_879ee7a5,incorrect,0.6353627600202943,2,3,0,,,0,,0.6353627600202943
eval_20250915_084658_f2064615,incorrect,0.7426518789541885,0,5,0,,,0,,0.7426518789541885
eval_20250915_051651_72642583,incorrect,0.8248157994682871,0,5,0,,,0,,0.8248157994682871
eval_20250915_030948_7ae54150,correct,0.83523390140684,5,0,0,,,1,,0.83523390140684
eval_20250915_030925_b93903d5,incorrect,0.8425767527111653,0,5,0,,,0,,0.8425767527111653
eval_20250915_032548_1c6a3d0b,correct,0.8590389887298202,5,0,0,,,1,,0.8590389887298202
eval_20250915_021631_ddaeba3c,incorrect,0.9351808458369552,0,5,0,,,0,,0.9351808458369552
eval_20250915_031712_4cfd9913,incorrect,0.813476892369108,0,5,0,,,0,,0.813476892369108
eval_20250915_085211_2cfcaa20,incorrect,0.8100708733424782,0,5,0,,,0,,0.8100708733424782
eval_20250915_062834_d6a56fa1,incorrect,0.8762135553274795,0,5,0,,,0,,0.8762135553274795
eval_20250915_035646_02867780,incorrect,0.8728999810210665,0,5,0,,,0,,0.8728999810210665
eval_20250915_043526_6e21fd04,incorrect,0.8350732005657276,0,5,0,,,0,,0.8350732005657276
eval_20250915_034644_583f16ad,correct,0.8060210614038411,5,0,0,,,1,,0.8060210614038411
eval_20250915_050206_d651d2a7,incorrect,0.8247354396650171,0,5,0,,,0,,0.8247354396650171
eval_20250910_153948_518a3387,incorrect,0.9402186638468218,0,5,0,,,0,,0.9402186638468218
eval_20250915_060912_6769e5bc,incorrect,0.742557018215215,0,5,0,,,0,,0.742557018215215
eval_20250915_054754_19c9d0e7,correct,0.7574455855303495,5,0,0,,,1,,0.7574455855303495
eval_20250915_021149_decd8c49,incorrect,0.8106506051697148,0,5,0,,,0,,0.8106506051697148
eval_20250915_061057_bcfa6404,incorrect,0.65,1,4,0,,,0,,0.65
eval_20250915_054206_274d54f6,incorrect,0.8279060874885286,0,5,0,,,0,,0.8279060874885286
eval_20250915_073303_688ee483,incorrect,0.8425934331971554,0,5,0,,,0,,0.8425934331971554
eval_20250915_084346_598217a1,incorrect,0.75,0,5,0,,,0,,0.75
eval_20250915_060146_5b899273,incorrect,0.8336107214618796,0,5,0,,,0,,0.8336107214618796
eval_20250915_061940_d413b79a,correct,0.7650150953491037,5,0,0,,,1,,0.7650150953491037
eval_20250915_073959_572dd903,incorrect,0.842473896806646,0,5,0,,,0,,0.842473896806646
eval_20250915_052803_a5d46880,incorrect,0.8277440643252674,0,5,0,,,0,,0.8277440643252674
eval_20250915_072953_9b7372a7,incorrect,0.8442352941176469,0,5,0,,,0,,0.8442352941176469
eval_20250915_074502_1621d6c5,incorrect,0.9350636761072041,0,5,0,,,0,,0.9350636761072041
eval_20250915_043151_c214a6d6,incorrect,0.6575519630484988,0,5,0,,,0,,0.6575519630484988
eval_20250915_074533_644d63df,incorrect,0.8066620879120879,0,5,0,,,0,,0.8066620879120879
eval_20250915_053356_5a49e5dd,correct,0.832141634004338,5,0,0,,,1,,0.832141634004338
eval_20250915_022825_d2ff9729,incorrect,0.8277247019260165,0,5,0,,,0,,0.8277247019260165
eval_20250915_062927_061f3604,incorrect,0.8604248861911988,0,5,0,,,0,,0.8604248861911988
eval_20250915_083432_b782fba1,incorrect,0.8352816981778065,0,5,0,,,0,,0.8352816981778065
eval_20250915_020133_85c64a93,incorrect,0.8096528462063213,0,5,0,,,0,,0.8096528462063213
eval_20250915_065820_abc543c6,correct,0.8000878868933894,5,0,0,,,1,,0.8000878868933894
eval_20250915_050600_fb88e8d3,incorrect,0.7574678800856531,0,5,0,,,0,,0.7574678800856531
eval_20250915_072632_dfd918ee,correct,0.8329735296361278,5,0,0,,,1,,0.8329735296361278
eval_20250915_040353_556af467,correct,0.8574823207360655,5,0,0,,,1,,0.8574823207360655
eval_20250915_072733_67a9e676,incorrect,0.7672761279486984,0,5,0,,,0,,0.7672761279486984
eval_20250915_071218_ee88571d,correct,0.7650258670243342,5,0,0,,,1,,0.7650258670243342
eval_20250915_042037_a43a09fc,incorrect,0.7822495404411764,0,5,0,,,0,,0.7822495404411764
eval_20250915_035231_8c7e0f55,correct,0.857416394934405,5,0,0,,,1,,0.857416394934405
eval_20250915_042953_a7e80e80,correct,0.777310709809201,4,1,0,,,1,,0.777310709809201
eval_20250915_020938_e48ad361,correct,0.7651136494307946,5,0,0,,,1,,0.7651136494307946
eval_20250915_035859_49f6ed7f,correct,0.7172964504512931,4,1,0,,,1,,0.7172964504512931
eval_20250915_052600_bbc2f422,correct,0.7575442088341116,5,0,0,,,1,,0.7575442088341116
eval_20250915_072228_f25ee35c,incorrect,0.9205411049933547,0,5,0,,,0,,0.9205411049933547
eval_20250915_081747_05e985e0,incorrect,0.8352400076496461,0,5,0,,,0,,0.8352400076496461
eval_20250915_060625_42899331,incorrect,0.6575526842024306,0,5,0,,,0,,0.6575526842024306
eval_20250915_065230_10ccbbd0,correct,0.75,4,1,0,,,1,,0.75
eval_20250915_063457_4c47f903,incorrect,0.835128595923033,0,5,0,,,0,,0.835128595923033
eval_20250915_081049_7e46a5ec,incorrect,0.8278564322338715,0,5,0,,,0,,0.8278564322338715
eval_20250915_074059_dfa60ae1,incorrect,0.7337069394949611,0,5,0,,,0,,0.7337069394949611
eval_20250915_080238_5be8e1da,incorrect,0.8582746545883604,0,5,0,,,0,,0.8582746545883604
eval_20250915_075106_bd08d17c,correct,0.7574662187953279,5,0,0,,,1,,0.7574662187953279
eval_20250915_022556_7e1de203,correct,0.7560691655851591,5,0,0,,,1,,0.7560691655851591
eval_20250915_041008_e4f3a1df,incorrect,0.818749762565057,0,5,0,,,0,,0.818749762565057
eval_20250915_040034_d0427319,incorrect,0.6574324324324324,0,5,0,,,0,,0.6574324324324324
eval_20250915_073128_a8c320c6,incorrect,0.8351533554868034,0,5,0,,,0,,0.8351533554868034
eval_20250915_032126_2b8d3e05,incorrect,0.8246080073070483,0,5,0,,,0,,0.8246080073070483
eval_20250915_083029_22417e35,correct,0.7574977036129822,5,0,0,,,1,,0.7574977036129822
eval_20250915_042859_3055cde6,incorrect,0.7993217312003648,0,5,0,,,0,,0.7993217312003648
eval_20250915_030900_373fce1e,incorrect,0.8425480952018856,0,5,0,,,0,,0.8425480952018856
eval_20250915_040725_9dee1d9a,incorrect,0.6740311855079111,0,5,0,,,0,,0.6740311855079111
eval_20250915_053222_09db2d82,correct,0.7590422810363272,4,1,0,,,1,,0.7590422810363272
eval_20250915_084527_2267fef4,incorrect,0.8351281659472055,0,5,0,,,0,,0.8351281659472055
eval_20250915_065503_8fc2e2d7,incorrect,0.8277837095790115,0,5,0,,,0,,0.8277837095790115
eval_20250915_044328_5c68fd0a,incorrect,0.7277525757342764,0,5,0,,,0,,0.7277525757342764
eval_20250915_045250_207d6f66,incorrect,0.8442741380628392,0,5,0,,,0,,0.8442741380628392
eval_20250915_081244_25269af6,incorrect,0.7852362054491336,0,5,0,,,0,,0.7852362054491336
eval_20250915_072701_e60b20a6,correct,0.7473605142053019,5,0,0,,,1,,0.7473605142053019
eval_20250915_033049_69f63d7e,incorrect,0.7425619516700016,0,5,0,,,0,,0.7425619516700016
eval_20250915_042154_a02875b1,incorrect,0.9351273873258154,0,5,0,,,0,,0.9351273873258154
eval_20250915_042416_181b0a66,incorrect,0.8245684082439729,0,5,0,,,0,,0.8245684082439729
eval_20250915_061744_bbc27839,incorrect,0.8180589399939081,0,5,0,,,0,,0.8180589399939081
eval_20250915_071120_85f423e0,correct,0.779133752244165,4,1,0,,,1,,0.779133752244165
eval_20250915_040318_92644ab7,correct,0.8001521143900212,5,0,0,,,1,,0.8001521143900212
eval_20250915_042317_afe18abe,incorrect,0.8352204960686747,0,5,0,,,0,,0.8352204960686747
eval_20250915_023009_334d0b5a,incorrect,0.8425091491308326,0,5,0,,,0,,0.8425091491308326
eval_20250915_081149_3017103f,incorrect,0.8189082308420057,0,5,0,,,0,,0.8189082308420057
eval_20250915_064625_af8b3b53,incorrect,0.7425145348837209,0,5,0,,,0,,0.7425145348837209
eval_20250915_020754_6d56a616,incorrect,0.8350691138951295,0,5,0,,,0,,0.8350691138951295
eval_20250915_041520_3337a7c7,incorrect,0.8277596044123241,0,5,0,,,0,,0.8277596044123241
eval_20250915_035302_f2e72db0,incorrect,0.6711237872799136,1,4,0,,,0,,0.6711237872799136
eval_20250915_075601_4f597b52,incorrect,0.85,0,2,0,,,0,,0.85
eval_20250915_071345_a9ac4e71,incorrect,0.9064655827381858,0,5,0,,,0,,0.9064655827381858
eval_20250915_035326_1145074c,incorrect,0.6871442768091066,1,4,0,,,0,,0.6871442768091066
eval_20250915_081941_26862cae,incorrect,0.7425644567219153,0,5,0,,,0,,0.7425644567219153
eval_20250915_041551_8c80c8ff,incorrect,0.8746977678402241,0,5,0,,,0,,0.8746977678402241
eval_20250915_082944_c4a6b166,incorrect,0.8919100266869996,0,5,0,,,0,,0.8919100266869996
eval_20250915_062628_586cc2a3,incorrect,0.8532774361129148,0,5,0,,,0,,0.8532774361129148
eval_20250915_043828_3f3eb399,incorrect,0.7607616651418115,0,5,0,,,0,,0.7607616651418115
eval_20250915_064501_cc30ca6b,incorrect,0.8278432415995134,0,5,0,,,0,,0.8278432415995134
eval_20250915_083149_ec966acd,incorrect,0.8276617557715673,0,5,0,,,0,,0.8276617557715673
eval_20250915_015758_f5578d78,incorrect,0.732301462403562,0,5,0,,,0,,0.732301462403562
eval_20250915_020729_43313ced,incorrect,0.7933568039185674,0,5,0,,,0,,0.7933568039185674
eval_20250915_065749_5eb8a045,incorrect,0.8534876227302021,0,5,0,,,0,,0.8534876227302021
eval_20250915_022335_f04e2d92,correct,0.8877584702356109,5,0,0,,,1,,0.8877584702356109
eval_20250915_062959_3dc35e6e,incorrect,0.8425495426829267,0,5,0,,,0,,0.8425495426829267
eval_20250905_191613_cbff49fe,correct,0.8733314296592423,5,0,0,,,1,,0.8733314296592423
eval_20250915_082548_e991f001,incorrect,0.9205422811630655,0,5,0,,,0,,0.9205422811630655
eval_20250915_030406_ab85324b,incorrect,0.8531888580235168,0,5,0,,,0,,0.8531888580235168
eval_20250915_035116_1dc93620,incorrect,0.6916895814237702,1,4,0,,,0,,0.6916895814237702
eval_20250915_052337_fe9f9b09,incorrect,0.8278720328667072,0,5,0,,,0,,0.8278720328667072
eval_20250915_041319_0f05d38b,correct,0.8396705219905647,5,0,0,,,1,,0.8396705219905647
eval_20250915_051236_b5f83d42,incorrect,0.9097154963680387,0,5,0,,,0,,0.9097154963680387
eval_20250915_030720_a82df697,incorrect,0.8351929610260715,0,5,0,,,0,,0.8351929610260715
eval_20250915_050506_b01073bd,incorrect,0.7248828635071819,0,5,0,,,0,,0.7248828635071819
eval_20250915_033819_79449481,incorrect,0.7680189432842633,0,5,0,,,0,,0.7680189432842633
eval_20250915_042541_4114d2aa,correct,0.7974942616679418,5,0,0,,,1,,0.7974942616679418
eval_20250915_055042_0879e660,incorrect,0.8096862417382054,0,5,0,,,0,,0.8096862417382054
eval_20250915_071450_50f4d506,incorrect,0.7584685306639051,0,5,0,,,0,,0.7584685306639051
eval_20250915_064204_3b8f9c5a,incorrect,0.853266112187156,0,5,0,,,0,,0.853266112187156
eval_20250915_070526_ed5e4798,incorrect,0.7426177570806931,0,5,0,,,0,,0.7426177570806931
eval_20250915_035015_ee030c7f,correct,0.8075665050952253,5,0,0,,,1,,0.8075665050952253
eval_20250915_055304_7c2b5a62,incorrect,0.7731353828527785,0,5,0,,,0,,0.7731353828527785
eval_20250915_021123_85e46ce3,incorrect,0.7755040706079281,0,5,0,,,0,,0.7755040706079281
eval_20250915_050845_cf8f7289,incorrect,0.8352406782232673,0,5,0,,,0,,0.8352406782232673
eval_20250915_035202_3b53b862,incorrect,0.760609532538955,0,5,0,,,0,,0.760609532538955
eval_20250915_040752_62a18fbf,correct,0.8166387259010895,5,0,0,,,1,,0.8166387259010895
eval_20250915_084305_9c85ed1f,correct,0.8083106811026645,5,0,0,,,1,,0.8083106811026645
eval_20250915_051551_98030a19,correct,0.757487922705314,5,0,0,,,1,,0.757487922705314
eval_20250915_062217_3de8717b,incorrect,0.8441969385423806,0,5,0,,,0,,0.8441969385423806
eval_20250915_032034_1b5bbb10,incorrect,0.8031211890243902,0,5,0,,,0,,0.8031211890243902
eval_20250915_025857_73e86c89,incorrect,0.7425273203016776,0,5,0,,,0,,0.7425273203016776
eval_20250915_065114_b3e44c46,incorrect,0.7001298602093041,0,5,0,,,0,,0.7001298602093041
eval_20250915_054646_dfcadf1a,incorrect,0.6575105647330004,0,5,0,,,0,,0.6575105647330004
eval_20250915_074816_b16ffd69,incorrect,0.9424964034224276,0,5,0,,,0,,0.9424964034224276
eval_20250915_075459_5bc9bba8,correct,0.7574297956997476,5,0,0,,,1,,0.7574297956997476
eval_20250915_080208_cc5849c3,incorrect,0.8134799453053784,0,5,0,,,0,,0.8134799453053784
eval_20250915_033218_4b6f090e,incorrect,0.8680290558737623,0,5,0,,,0,,0.8680290558737623
eval_20250915_044111_c6b9e51d,incorrect,0.8001177990576076,0,5,0,,,0,,0.8001177990576076
eval_20250915_055434_d5517823,correct,0.7574751718869366,5,0,0,,,1,,0.7574751718869366
eval_20250915_035935_b1fc88eb,incorrect,0.8009878855046433,0,5,0,,,0,,0.8009878855046433
eval_20250915_034441_a0d03ea9,incorrect,0.6629850147176881,2,3,0,,,0,,0.6629850147176881
eval_20250915_084045_c993a02d,incorrect,0.8426130729921442,0,5,0,,,0,,0.8426130729921442
eval_20250905_191750_fa50ddc0,correct,0.8425341945288756,5,0,0,,,1,,0.8425341945288756
eval_20250915_064134_c62a45c3,correct,0.7560108454899567,5,0,0,,,1,,0.7560108454899567
eval_20250915_060012_6a9f1f82,correct,0.825536677763747,5,0,0,,,1,,0.825536677763747
eval_20250915_022218_c711d332,correct,0.7484959550305748,5,0,0,,,1,,0.7484959550305748
eval_20250915_045115_4b8942f3,incorrect,0.6500000000000001,1,4,0,,,0,,0.6500000000000001
eval_20250915_084415_faeb2e8b,correct,0.8240885763162897,5,0,0,,,1,,0.8240885763162897
eval_20250915_044359_4ac2423a,incorrect,0.9154940546290317,0,5,0,,,0,,0.9154940546290317
eval_20250915_050733_2e84e44b,incorrect,0.7671359001674022,0,5,0,,,0,,0.7671359001674022
eval_20250915_081338_19befe1f,incorrect,0.9278197762322347,0,5,0,,,0,,0.9278197762322347
eval_20250915_063302_6cc135c6,incorrect,0.842568393703194,0,5,0,,,0,,0.842568393703194
eval_20250915_052433_851a39f4,incorrect,0.8605326876513315,0,5,0,,,0,,0.8605326876513315
eval_20250915_042705_af26e129,correct,0.7650502695057152,5,0,0,,,1,,0.7650502695057152
eval_20250915_020411_6a0783bf,incorrect,0.6425815679604145,0,5,0,,,0,,0.6425815679604145
eval_20250915_021801_f3cd9c3f,incorrect,0.7574485910129474,0,5,0,,,0,,0.7574485910129474
eval_20250915_083332_fc298cfe,incorrect,0.8105465023088959,0,5,0,,,0,,0.8105465023088959
eval_20250915_071516_4fa14625,incorrect,0.742532293816403,0,5,0,,,0,,0.742532293816403
eval_20250915_073753_b2fe25cd,correct,0.8425773195876288,5,0,0,,,1,,0.8425773195876288
eval_20250910_154255_92918f8a,correct,0.8142957934479997,5,0,0,,,1,,0.8142957934479997
eval_20250915_065311_f0442a5a,incorrect,0.8279532653371897,0,5,0,,,0,,0.8279532653371897
eval_20250915_080106_72a0d373,correct,0.7821245505317113,5,0,0,,,1,,0.7821245505317113
eval_20250915_021716_02e8e98f,incorrect,0.9277701622115604,0,5,0,,,0,,0.9277701622115604
eval_20250915_032317_c45202c6,incorrect,0.85,1,4,0,,,0,,0.85
eval_20250915_070055_efe2ded5,incorrect,0.8680314152055679,0,5,0,,,0,,0.8680314152055679
eval_20250915_051750_af102348,correct,0.7628701759743481,5,0,0,,,1,,0.7628701759743481
eval_20250915_022759_c0fa6205,incorrect,0.7673237069294827,0,5,0,,,0,,0.7673237069294827
eval_20250915_041421_bd107af5,incorrect,0.7424693721286373,0,5,0,,,0,,0.7424693721286373
eval_20250910_154059_8befeb77,incorrect,0.9083023872679047,0,5,0,,,0,,0.9083023872679047
eval_20250915_044642_518f52f0,incorrect,0.7001214793485108,1,4,0,,,0,,0.7001214793485108
eval_20250915_031944_483aaec8,incorrect,0.8074915793059076,0,5,0,,,0,,0.8074915793059076
eval_20250915_045220_6d7bf5c2,incorrect,0.8277306103717301,0,5,0,,,0,,0.8277306103717301
eval_20250915_045923_95f558fb,incorrect,0.8425077964554651,0,5,0,,,0,,0.8425077964554651
eval_20250915_073447_e053427f,correct,0.7592042007001167,4,1,0,,,1,,0.7592042007001167
eval_20250915_074712_d7e0ca18,incorrect,0.8351926209326112,0,5,0,,,0,,0.8351926209326112
eval_20250915_050813_3c7fae28,incorrect,0.827619120342089,0,5,0,,,0,,0.827619120342089
eval_20250915_031436_87451581,incorrect,0.8867278543681925,0,5,0,,,0,,0.8867278543681925
eval_20250915_033917_3856812e,incorrect,0.8853115276618351,0,5,0,,,0,,0.8853115276618351
eval_20250915_021232_3583da83,incorrect,0.8277341066931238,0,5,0,,,0,,0.8277341066931238
eval_20250915_040821_03a0ab58,incorrect,0.8564968201378576,0,5,0,,,0,,0.8564968201378576
eval_20250915_020909_df24f3d3,incorrect,0.8351619286828786,0,5,0,,,0,,0.8351619286828786
eval_20250915_072331_a0728989,incorrect,0.742549782558938,0,5,0,,,0,,0.742549782558938
eval_20250915_072157_f12389c3,incorrect,0.8280082041932543,0,5,0,,,0,,0.8280082041932543
eval_20250915_034512_010f53f2,incorrect,0.9350647132500853,0,5,0,,,0,,0.9350647132500853
eval_20250915_061015_359fe4e9,incorrect,0.8517121333181144,0,5,0,,,0,,0.8517121333181144
eval_20250915_045328_5f54c99b,incorrect,0.7784864782970986,0,5,0,,,0,,0.7784864782970986
eval_20250915_051359_886260b3,correct,0.7649347917543122,5,0,0,,,1,,0.7649347917543122
eval_20250915_063805_c8c371be,correct,0.7710794481017226,4,1,0,,,1,,0.7710794481017226
eval_20250915_081653_da6db8fa,correct,0.7355647308334461,4,1,0,,,1,,0.7355647308334461
eval_20250915_052919_7f3a80d8,incorrect,0.8425845355316388,0,5,0,,,0,,0.8425845355316388
eval_20250915_050342_4da6e12d,incorrect,0.8180198019801979,0,5,0,,,0,,0.8180198019801979
eval_20250905_191715_05ea0d35,correct,0.7649603888399864,5,0,0,,,1,,0.7649603888399864
eval_20250915_022431_f367636d,incorrect,0.7499999999999999,2,3,0,,,0,,0.7499999999999999
eval_20250915_065559_3d4f7d09,incorrect,0.935035377804684,0,5,0,,,0,,0.935035377804684
eval_20250915_040253_f18e5ff8,incorrect,0.8515697208112133,0,5,0,,,0,,0.8515697208112133
eval_20250915_075250_d3be6078,incorrect,0.85,0,5,0,,,0,,0.85
eval_20250915_055841_2974db84,incorrect,0.835108963426189,0,5,0,,,0,,0.835108963426189
eval_20250915_070255_94ef1bd8,incorrect,0.9105977896102734,0,4,0,,,0,,0.9105977896102734
eval_20250915_020627_12e0e1ed,incorrect,0.7664092001373155,0,5,0,,,0,,0.7664092001373155
eval_20250915_045639_4ba401aa,incorrect,0.7426198131985913,0,5,0,,,0,,0.7426198131985913
eval_20250915_063740_c818ea5f,correct,0.8323908292757736,5,0,0,,,1,,0.8323908292757736
eval_20250915_055942_49e7995d,incorrect,0.675477340694732,0,5,0,,,0,,0.675477340694732
eval_20250915_062700_f84fa5b3,incorrect,0.8425304878048782,0,5,0,,,0,,0.8425304878048782
eval_20250915_081218_84548a98,incorrect,0.8031812998859748,0,5,0,,,0,,0.8031812998859748
eval_20250915_044300_05467eee,incorrect,0.8280498935199269,0,5,0,,,0,,0.8280498935199269
eval_20250915_033320_54c504fc,incorrect,0.8425693174893358,0,5,0,,,0,,0.8425693174893358
eval_20250915_050311_391f0ad7,incorrect,0.8425546500114249,0,5,0,,,0,,0.8425546500114249
eval_20250915_040146_f717dbf0,incorrect,0.8105079510353504,0,5,0,,,0,,0.8105079510353504
eval_20250915_051847_563459ce,correct,0.8425776184300864,5,0,0,,,1,,0.8425776184300864
eval_20250910_154016_fdf278f7,correct,0.761745445886415,3,2,0,,,1,,0.761745445886415
eval_20250915_065407_18f145c2,correct,0.7726653398652785,5,0,0,,,1,,0.7726653398652785
eval_20250915_034150_1fcf9734,incorrect,0.9009408245939499,0,5,0,,,0,,0.9009408245939499
eval_20250915_072130_4e3d5b4a,correct,0.7877601471771876,5,0,0,,,1,,0.7877601471771876
eval_20250915_073636_b8e17db3,incorrect,0.7000229849831442,0,5,0,,,0,,0.7000229849831442
eval_20250915_084013_a331f641,incorrect,0.75,0,5,0,,,0,,0.75
eval_20250915_042348_67e8de7d,incorrect,0.8351494148392228,0,5,0,,,0,,0.8351494148392228
eval_20250915_033417_3339b5f3,incorrect,0.8277607948032097,0,5,0,,,0,,0.8277607948032097
eval_20250915_052115_97c1bc70,incorrect,0.7425681349721354,0,5,0,,,0,,0.7425681349721354
eval_20250915_053451_035fd57d,incorrect,0.8321849830133223,0,5,0,,,0,,0.8321849830133223
eval_20250915_071932_660b31d9,incorrect,0.8794719684621508,0,5,0,,,0,,0.8794719684621508
eval_20250915_042126_0e89fc54,correct,0.7077793812573285,4,1,0,,,1,,0.7077793812573285
eval_20250915_054520_f5a81132,incorrect,0.774605017702821,0,5,0,,,0,,0.774605017702821
eval_20250915_030432_cdf4352b,incorrect,0.8273792261314202,0,5,0,,,0,,0.8273792261314202
eval_20250915_040655_d8d9470b,correct,0.7561376673040152,5,0,0,,,1,,0.7561376673040152
eval_20250915_030032_c08cd431,correct,0.75,3,2,0,,,1,,0.75
eval_20250915_063404_e265ee44,incorrect,0.942599864079136,0,5,0,,,0,,0.942599864079136
eval_20250915_045432_b3362d76,incorrect,0.8277739804055593,0,5,0,,,0,,0.8277739804055593
eval_20250915_053846_9acbe2b3,correct,0.7574858757062147,5,0,0,,,1,,0.7574858757062147
eval_20250915_043758_53463a29,incorrect,0.7753659652333028,0,5,0,,,0,,0.7753659652333028
eval_20250915_083719_037e9d8f,incorrect,0.7302936778744776,0,5,0,,,0,,0.7302936778744776
eval_20250915_044001_c81be92b,correct,0.7648523174506132,5,0,0,,,1,,0.7648523174506132
eval_20250915_021321_a9cc5ecc,incorrect,0.7499999999999999,0,5,0,,,0,,0.7499999999999999
eval_20250915_021604_f7a78c58,incorrect,0.8100451380919593,0,5,0,,,0,,0.8100451380919593
eval_20250915_074320_16574586,incorrect,0.7527018775759426,0,5,0,,,0,,0.7527018775759426
eval_20250915_042832_bfba431a,incorrect,0.8760111867889349,0,5,0,,,0,,0.8760111867889349
eval_20250915_081310_df29b930,correct,0.7831592788809697,5,0,0,,,1,,0.7831592788809697
eval_20250915_020037_3493acfe,incorrect,0.7278113294090667,0,5,0,,,0,,0.7278113294090667
eval_20250915_044033_600d2d9f,incorrect,0.782135774218154,0,5,0,,,0,,0.782135774218154
eval_20250915_070218_62138358,correct,0.8075665050952254,5,0,0,,,1,,0.8075665050952254
eval_20250915_054009_b35e1006,incorrect,0.9114528746107692,0,5,0,,,0,,0.9114528746107692
eval_20250915_022734_c835b40f,incorrect,0.8352044892524254,0,5,0,,,0,,0.8352044892524254
eval_20250915_034616_2e6acead,incorrect,0.9027785173633562,0,5,0,,,0,,0.9027785173633562
eval_20250915_055337_5e821c01,incorrect,0.8276002125721228,0,5,0,,,0,,0.8276002125721228
eval_20250915_073055_7c0e0444,incorrect,0.7336134934248142,0,5,0,,,0,,0.7336134934248142
eval_20250915_074638_2102c7ed,incorrect,0.8098820395738203,0,5,0,,,0,,0.8098820395738203
eval_20250915_045813_de96bf0e,incorrect,0.9277013154893163,0,5,0,,,0,,0.9277013154893163
eval_20250915_043327_feba529f,incorrect,0.7605285331290694,0,5,0,,,0,,0.7605285331290694
eval_20250915_080304_beffd200,incorrect,0.7604492410952636,0,5,0,,,0,,0.7604492410952636
eval_20250915_045002_33711d44,incorrect,0.8349486411704506,0,5,0,,,0,,0.8349486411704506
eval_20250915_063607_0a755e83,incorrect,0.7424825040375297,0,5,0,,,0,,0.7424825040375297
eval_20250915_055634_f9a2b776,incorrect,0.7401835472161155,1,4,0,,,0,,0.7401835472161155
eval_20250915_034917_415667ae,incorrect,0.672384456196827,0,5,0,,,0,,0.672384456196827
eval_20250915_030310_4b66a549,incorrect,0.8274834437086092,0,5,0,,,0,,0.8274834437086092
eval_20250915_063908_02700eef,incorrect,0.7376414440766684,0,5,0,,,0,,0.7376414440766684
eval_20250915_065203_03eb5e95,incorrect,0.7826076905293983,0,5,0,,,0,,0.7826076905293983
eval_20250915_031622_f373aeb5,incorrect,0.8278276754452734,0,5,0,,,0,,0.8278276754452734
eval_20250915_082620_02a0d6cf,incorrect,0.8426154896457559,0,5,0,,,0,,0.8426154896457559
eval_20250915_044221_35df62fe,incorrect,0.6303114358954738,0,5,0,,,0,,0.6303114358954738
eval_20250915_053938_6e8ab070,correct,0.735517148379557,4,1,0,,,1,,0.735517148379557
eval_20250915_054423_2b18694f,incorrect,0.8425326410628389,0,5,0,,,0,,0.8425326410628389
eval_20250915_070749_a422f9bb,incorrect,0.8514731991085257,0,5,0,,,0,,0.8514731991085257
eval_20250915_060725_2613ff46,incorrect,0.7425344036697248,0,5,0,,,0,,0.7425344036697248
eval_20250915_015822_2a1287c7,incorrect,0.7516550089821502,0,5,0,,,0,,0.7516550089821502
eval_20250915_064002_ba5ff491,correct,0.7698405128009463,5,0,0,,,1,,0.7698405128009463
eval_20250915_073930_1e0dc49d,incorrect,0.6574351873221018,0,5,0,,,0,,0.6574351873221018
eval_20250905_191446_2d1f621b,incorrect,0.9246708273080144,0,5,0,,,0,,0.9246708273080144
eval_20250915_065945_48eabef0,incorrect,0.9023956077358561,0,5,0,,,0,,0.9023956077358561
eval_20250915_074745_0ec0f403,correct,0.7774176259495738,4,1,0,,,1,,0.7774176259495738
eval_20250915_053629_4f2497d5,incorrect,0.8426053113553115,0,5,0,,,0,,0.8426053113553115
eval_20250915_071606_7c814216,incorrect,0.8352026173803236,0,5,0,,,0,,0.8352026173803236
eval_20250915_034311_63d0b9ac,incorrect,0.8425463948889563,0,5,0,,,0,,0.8425463948889563
eval_20250915_034945_f0eb2221,incorrect,0.6274238173923068,0,5,0,,,0,,0.6274238173923068
eval_20250915_071413_3655cbd6,correct,0.7574716170604479,5,0,0,,,1,,0.7574716170604479
eval_20250915_030544_0d089059,correct,0.8066919588739729,4,1,0,,,1,,0.8066919588739729
eval_20250915_065340_70f40a8e,correct,0.7849654091656155,5,0,0,,,1,,0.7849654091656155
eval_20250915_065434_c33a2cfc,incorrect,0.832121477866321,0,5,0,,,0,,0.832121477866321
eval_20250915_042221_b871ce00,incorrect,0.7762898229242361,0,5,0,,,0,,0.7762898229242361
eval_20250915_082837_d6dbea94,incorrect,0.8133764049239239,0,5,0,,,0,,0.8133764049239239
eval_20250915_075411_26cb66b6,incorrect,0.8425507556098305,0,5,0,,,0,,0.8425507556098305
eval_20250915_071540_4013c9bc,incorrect,0.9204033824705747,0,5,0,,,0,,0.9204033824705747
eval_20250915_031556_663f2c53,incorrect,0.76079862437906,0,5,0,,,0,,0.76079862437906
eval_20250915_063037_3c9684a9,incorrect,0.8854789505796214,0,5,0,,,0,,0.8854789505796214
eval_20250915_054549_63f0b064,incorrect,0.7336855581457561,0,5,0,,,0,,0.7336855581457561
eval_20250915_051918_6b00bce8,incorrect,0.9277697348369398,0,5,0,,,0,,0.9277697348369398
eval_20250915_082245_9bd25313,incorrect,0.7425907640893209,0,5,0,,,0,,0.7425907640893209
eval_20250915_042101_b362e1e1,incorrect,0.8425593647400167,0,5,0,,,0,,0.8425593647400167
eval_20250915_033119_3f94f7b4,incorrect,0.6425984071067545,0,5,0,,,0,,0.6425984071067545
eval_20250915_064940_32ef48d5,incorrect,0.6754463259520342,0,5,0,,,0,,0.6754463259520342
eval_20250915_061813_0f2789f5,incorrect,0.9154432159276568,0,5,0,,,0,,0.9154432159276568
eval_20250915_035546_fe90663e,incorrect,0.9144810205629154,1,4,0,,,0,,0.9144810205629154
eval_20250915_084452_23cd76e0,correct,0.8002632753235164,4,1,0,,,1,,0.8002632753235164
eval_20250915_034544_52116b7f,correct,0.780799420819997,5,0,0,,,1,,0.780799420819997
eval_20250915_041728_876db673,incorrect,0.7214035087719297,0,5,0,,,0,,0.7214035087719297
eval_20250915_050236_a03ef6aa,incorrect,0.9201841279443458,0,5,0,,,0,,0.9201841279443458
eval_20250915_031733_8e560d50,incorrect,0.7425805464146321,0,5,0,,,0,,0.7425805464146321
eval_20250915_064553_73d760e0,incorrect,0.8605494086226632,0,5,0,,,0,,0.8605494086226632
eval_20250915_064305_2089dd7b,incorrect,0.844095982990356,0,5,0,,,0,,0.844095982990356
eval_20250915_065845_5c9374dc,incorrect,0.6999500345914367,0,5,0,,,0,,0.6999500345914367
eval_20250915_043654_ecd011b4,correct,0.7500090138813773,4,1,0,,,1,,0.7500090138813773
eval_20250915_051301_c79c6bd4,incorrect,0.7000500693267602,0,5,0,,,0,,0.7000500693267602
eval_20250915_071245_7866dc4b,incorrect,0.8818338043229207,0,5,0,,,0,,0.8818338043229207
eval_20250915_030123_264c6a4e,incorrect,0.657527959892017,0,5,0,,,0,,0.657527959892017
eval_20250915_062733_6f5fded0,incorrect,0.7604996572473152,0,5,0,,,0,,0.7604996572473152
eval_20250915_071315_69a22d2f,incorrect,0.6674598909956245,0,5,0,,,0,,0.6674598909956245
eval_20250915_063429_132778d1,correct,0.858940169633988,5,0,0,,,1,,0.858940169633988
eval_20250915_045746_b0839586,correct,0.7649137175726638,5,0,0,,,1,,0.7649137175726638
eval_20250915_080034_63650c82,incorrect,0.8352650459871008,0,5,0,,,0,,0.8352650459871008
eval_20250915_033620_d6d71075,incorrect,0.8278724216959511,0,5,0,,,0,,0.8278724216959511
eval_20250915_084946_4210f19d,correct,0.8077074344190308,5,0,0,,,1,,0.8077074344190308
eval_20250915_034337_4a55d020,incorrect,0.6724213186308292,0,5,0,,,0,,0.6724213186308292
eval_20250915_061507_59920711,incorrect,0.8350889504229412,0,5,0,,,0,,0.8350889504229412
eval_20250915_022400_a5813a4d,incorrect,0.8852165653495443,0,5,0,,,0,,0.8852165653495443
eval_20250915_031819_c95b06cb,incorrect,0.6404875514680417,0,5,0,,,0,,0.6404875514680417
eval_20250915_063533_e49e9af1,correct,0.7574898785425103,5,0,0,,,1,,0.7574898785425103
eval_20250915_082210_c05393fd,incorrect,0.9352756773188434,0,5,0,,,0,,0.9352756773188434
eval_20250915_052732_a98bb176,incorrect,0.8425355994487826,0,5,0,,,0,,0.8425355994487826
eval_20250915_035709_5c82c8e4,correct,0.8143035351015238,5,0,0,,,1,,0.8143035351015238
eval_20250915_021825_c26fc2ba,incorrect,0.6574521457239889,0,5,0,,,0,,0.6574521457239889
eval_20250915_052148_0e7de1ea,incorrect,0.7425872093023255,0,5,0,,,0,,0.7425872093023255
eval_20250915_075938_8807479e,incorrect,0.9350871530019367,0,5,0,,,0,,0.9350871530019367
eval_20250915_055741_b9d18919,incorrect,0.6574933027171833,0,5,0,,,0,,0.6574933027171833
eval_20250915_022524_c100570a,correct,0.7377454740718011,5,0,0,,,1,,0.7377454740718011
eval_20250915_070152_fbd4079d,incorrect,0.8941038545121812,0,5,0,,,0,,0.8941038545121812
eval_20250915_040108_f1bc1c51,incorrect,0.7247396232194823,0,5,0,,,0,,0.7247396232194823
eval_20250910_154203_f1a590f6,incorrect,0.8548224795898993,0,5,0,,,0,,0.8548224795898993
eval_20250915_032902_9a9b4d09,correct,0.75,4,1,0,,,1,,0.75
eval_20250915_030608_6384e8eb,correct,0.7796870060069554,3,2,0,,,1,,0.7796870060069554
eval_20250915_070655_292016bc,incorrect,0.935090687858854,0,5,0,,,0,,0.935090687858854
eval_20250915_071834_ca6f6a4f,incorrect,0.8352535088052947,0,5,0,,,0,,0.8352535088052947
eval_20250915_051820_f64f7a3c,incorrect,0.8425551330798479,0,5,0,,,0,,0.8425551330798479
eval_20250915_035043_63cf7aee,incorrect,0.7500000000000002,0,5,0,,,0,,0.7500000000000002
eval_20250915_070021_7ade034f,correct,0.7926376977320375,5,0,0,,,1,,0.7926376977320375
eval_20250915_051007_1b7c556c,correct,0.7574575880862825,5,0,0,,,1,,0.7574575880862825
eval_20250915_070949_3531ddfc,incorrect,0.8425628332063976,0,5,0,,,0,,0.8425628332063976
eval_20250915_043401_87dee6a9,incorrect,0.8351870097389065,0,5,0,,,0,,0.8351870097389065
eval_20250915_070125_9218c679,incorrect,0.7830637433401051,0,5,0,,,0,,0.7830637433401051
eval_20250915_025919_d12b6481,incorrect,0.8030703771849126,0,5,0,,,0,,0.8030703771849126
eval_20250915_052531_ac9b2ca3,incorrect,0.8366608144727302,0,5,0,,,0,,0.8366608144727302
eval_20250915_032924_cdbdc813,incorrect,0.8589567604667124,0,5,0,,,0,,0.8589567604667124
eval_20250915_083537_c91a829a,incorrect,0.8247414055369638,0,5,0,,,0,,0.8247414055369638
eval_20250915_080855_008f5ef2,incorrect,0.8425842782132257,0,5,0,,,0,,0.8425842782132257
eval_20250915_061245_bb8236c8,incorrect,0.8145259801499976,1,4,0,,,0,,0.8145259801499976
eval_20250915_081404_4ac72860,incorrect,0.7000654904075815,0,5,0,,,0,,0.7000654904075815
eval_20250915_062112_5f21e425,incorrect,0.8279405069054485,0,5,0,,,0,,0.8279405069054485
eval_20250915_015734_b2928767,incorrect,0.7919806284319706,0,5,0,,,0,,0.7919806284319706
eval_20250915_073023_ceff1f35,incorrect,0.8604308906084052,0,5,0,,,0,,0.8604308906084052
eval_20250915_085321_14178728,incorrect,0.827780315140443,0,5,0,,,0,,0.827780315140443
eval_20250915_054720_154b69db,incorrect,0.6513952066052523,0,5,0,,,0,,0.6513952066052523
eval_20250915_085136_2aad6ac8,incorrect,0.7854583046175051,0,5,0,,,0,,0.7854583046175051
eval_20250915_082009_19b94ed2,incorrect,0.8425545668872159,0,5,0,,,0,,0.8425545668872159
eval_20250915_062423_fa5a46f4,incorrect,0.85,0,5,0,,,0,,0.85
eval_20250915_051457_3ffdc94c,incorrect,0.8277689152233363,0,5,0,,,0,,0.8277689152233363
eval_20250915_043458_c34081ca,incorrect,0.7321402581485312,0,5,0,,,0,,0.7321402581485312
eval_20250915_041941_1955bb51,correct,0.7574241495556236,5,0,0,,,1,,0.7574241495556236
eval_20250915_075028_11dc71ab,incorrect,0.85,0,5,0,,,0,,0.85
eval_20250915_043858_994e3ff4,correct,0.8245291616038881,5,0,0,,,1,,0.8245291616038881
eval_20250915_043430_4914568c,incorrect,0.8605764125900642,0,5,0,,,0,,0.8605764125900642
eval_20250915_063337_83d52f62,correct,0.78968948590129,5,0,0,,,1,,0.78968948590129
eval_20250915_044505_0ebceb20,incorrect,0.827948873549268,0,5,0,,,0,,0.827948873549268
eval_20250915_082402_2874d784,correct,0.7575263036633132,5,0,0,,,1,,0.7575263036633132
eval_20250915_035759_49c17723,correct,0.7394561047167681,4,1,0,,,1,,0.7394561047167681
eval_20250915_082440_626dd094,incorrect,0.8104565059735106,0,5,0,,,0,,0.8104565059735106
eval_20250915_041248_0693d32d,incorrect,0.8350623831508261,0,5,0,,,0,,0.8350623831508261
eval_20250915_021926_9f0c7d7d,incorrect,0.8277658924205379,0,5,0,,,0,,0.8277658924205379
eval_20250915_043022_c8bf7c14,incorrect,0.8352351800448685,0,5,0,,,0,,0.8352351800448685
eval_20250915_055209_c7eeab14,incorrect,0.9031166856708477,0,5,0,,,0,,0.9031166856708477
eval_20250915_060114_eb9f63a8,incorrect,0.8526032521566532,0,5,0,,,0,,0.8526032521566532
eval_20250915_085427_ea5b862e,correct,0.772427450681697,5,0,0,,,1,,0.772427450681697
eval_20250915_072854_7127da6c,correct,0.85,5,0,0,,,1,,0.85
eval_20250915_064743_56260f50,incorrect,0.9352263671207923,0,5,0,,,0,,0.9352263671207923
eval_20250915_070321_4dff958e,correct,0.7822580645161289,5,0,0,,,1,,0.7822580645161289
eval_20250915_083756_d94c16f0,incorrect,0.7425613847796247,0,5,0,,,0,,0.7425613847796247
eval_20250915_073715_8dc66039,incorrect,0.9351376424703699,0,5,0,,,0,,0.9351376424703699
eval_20250915_053049_a4e4c127,incorrect,0.8746748293092267,0,5,0,,,0,,0.8746748293092267
eval_20250915_052015_9b5bfa39,incorrect,0.7425962562775833,0,5,0,,,0,,0.7425962562775833
eval_20250915_084602_7738fb61,incorrect,0.7852858016200518,0,5,0,,,0,,0.7852858016200518
eval_20250915_062356_8869275f,incorrect,0.7186324819055642,0,5,0,,,0,,0.7186324819055642
eval_20250915_070427_946f61f9,incorrect,0.6423569088456349,0,5,0,,,0,,0.6423569088456349
eval_20250915_021433_8584aaa8,incorrect,0.8350486177311726,0,5,0,,,0,,0.8350486177311726
eval_20250915_070924_0fce05c1,incorrect,0.75,0,5,0,,,0,,0.75
eval_20250915_073227_aab436ef,incorrect,0.8278620689655174,0,5,0,,,0,,0.8278620689655174
eval_20250915_040003_528e82df,incorrect,0.6972006460047682,0,5,0,,,0,,0.6972006460047682
eval_20250915_035518_6ade2f74,correct,0.764876001379892,5,0,0,,,1,,0.764876001379892
eval_20250915_045509_c463c0ea,incorrect,0.8425793166564979,0,5,0,,,0,,0.8425793166564979
eval_20250915_053425_58da257d,incorrect,0.935063078858101,0,5,0,,,0,,0.935063078858101
eval_20250915_033947_06478841,incorrect,0.6726077934055799,0,5,0,,,0,,0.6726077934055799
eval_20250915_052043_90d49a9d,correct,0.7970968723841413,5,0,0,,,1,,0.7970968723841413
eval_20250915_070629_ef027419,correct,0.7923607660257636,5,0,0,,,1,,0.7923607660257636
eval_20250915_061351_01a1712b,incorrect,0.902369569341681,0,5,0,,,0,,0.902369569341681
eval_20250915_032636_70919375,correct,0.7650105545960468,5,0,0,,,1,,0.7650105545960468
eval_20250915_030635_4add4d46,correct,0.7896277508676913,5,0,0,,,1,,0.7896277508676913
eval_20250915_082059_c81b198f,correct,0.7967650657693485,5,0,0,,,1,,0.7967650657693485
eval_20250915_035731_98f62647,incorrect,0.8351906884596335,0,5,0,,,0,,0.8351906884596335
eval_20250915_020433_10e3678c,incorrect,0.8654619087644227,0,5,0,,,0,,0.8654619087644227
eval_20250915_072037_f98293a1,incorrect,0.9130472721754305,0,5,0,,,0,,0.9130472721754305
eval_20250915_051330_06d049e7,incorrect,0.8441005209929512,0,5,0,,,0,,0.8441005209929512
eval_20250915_032810_6603d7e0,incorrect,0.7673814811978247,0,5,0,,,0,,0.7673814811978247
eval_20250915_041139_2377edd7,incorrect,0.8581753599513734,0,5,0,,,0,,0.8581753599513734
eval_20250915_045850_d52b50b9,incorrect,0.75,0,5,0,,,0,,0.75
eval_20250915_062453_5752dedf,incorrect,0.694399646738087,0,5,0,,,0,,0.694399646738087
eval_20250915_075820_431ba31c,correct,0.8574770992366412,5,0,0,,,1,,0.8574770992366412
eval_20250915_053531_08811c2a,incorrect,0.8746341556121481,0,5,0,,,0,,0.8746341556121481
eval_20250915_065038_ca04f638,correct,0.75,3,2,0,,,1,,0.75
eval_20250915_064330_0192729d,correct,0.8049520521672422,5,0,0,,,1,,0.8049520521672422
eval_20250915_034015_96afcc6c,incorrect,0.827658845040378,0,5,0,,,0,,0.827658845040378
eval_20250915_074852_bdb72232,incorrect,0.7309445443759807,0,5,0,,,0,,0.7309445443759807
eval_20250915_021542_60f227d2,incorrect,0.8279287186140578,0,5,0,,,0,,0.8279287186140578
eval_20250915_032834_873533df,incorrect,0.8499999999999999,0,5,0,,,0,,0.8499999999999999
eval_20250915_062555_c9034d07,correct,0.75,4,1,0,,,1,,0.75
eval_20250915_074423_0178a1a5,correct,0.832161005616475,5,0,0,,,1,,0.832161005616475
eval_20250915_051948_f137a48a,incorrect,0.8353179278628711,0,5,0,,,0,,0.8353179278628711
eval_20250915_060336_e6b9d33e,incorrect,0.8425502742230347,0,5,0,,,0,,0.8425502742230347
eval_20250915_042638_ba56b262,incorrect,0.8133724027703783,0,5,0,,,0,,0.8133724027703783
eval_20250915_070354_acf73060,incorrect,0.8349812691565444,0,5,0,,,0,,0.8349812691565444
eval_20250905_191517_3b253509,correct,0.80760076408787,5,0,0,,,1,,0.80760076408787
eval_20250915_031106_3721b00e,incorrect,0.8575422181652215,0,5,0,,,0,,0.8575422181652215
eval_20250915_020844_23e5faed,correct,0.8352958004348324,5,0,0,,,1,,0.8352958004348324
eval_20250915_052701_f35f3a3d,incorrect,0.6574576923076924,0,5,0,,,0,,0.6574576923076924
eval_20250915_082742_d46affbd,incorrect,0.835212533955695,0,5,0,,,0,,0.835212533955695
eval_20250915_050915_7828c762,incorrect,0.7821513002364066,0,5,0,,,0,,0.7821513002364066
eval_20250915_040426_766d1305,correct,0.75,4,1,0,,,1,,0.75
eval_20250915_080138_031d73f6,incorrect,0.8499999999999999,1,4,0,,,0,,0.8499999999999999
eval_20250915_020656_4d8b7d8b,incorrect,0.7695817272831355,0,5,0,,,0,,0.7695817272831355
eval_20250915_045710_d6b88d48,incorrect,0.813701392588083,0,5,0,,,0,,0.813701392588083
eval_20250915_080548_9e875421,incorrect,0.9275267674083072,0,5,0,,,0,,0.9275267674083072
eval_20250915_021001_c17f7542,incorrect,0.9276661104368933,0,5,0,,,0,,0.9276661104368933
eval_20250915_073558_31ca2903,incorrect,0.8279029067113071,0,5,0,,,0,,0.8279029067113071
eval_20250915_084122_034f7257,incorrect,0.7603733170134638,0,5,0,,,0,,0.7603733170134638
eval_20250915_063234_1ae251ea,incorrect,0.6821946726030551,0,5,0,,,0,,0.6821946726030551
eval_20250915_073822_912a78e2,incorrect,0.8590241102181401,0,5,0,,,0,,0.8590241102181401
eval_20250915_060653_37d1d1db,incorrect,0.8425916071157062,0,5,0,,,0,,0.8425916071157062
eval_20250915_081722_cea90aca,incorrect,0.8180620919993928,0,5,0,,,0,,0.8180620919993928
eval_20250915_053750_ad84ea5c,incorrect,0.7182584483942329,0,5,0,,,0,,0.7182584483942329
eval_20250915_071710_f38b3f83,incorrect,0.8279160009130337,0,5,0,,,0,,0.8279160009130337
eval_20250915_080627_ad850c80,incorrect,0.777296035512016,0,5,0,,,0,,0.777296035512016
eval_20250915_021210_acc27eb1,incorrect,0.8097853583748563,0,5,0,,,0,,0.8097853583748563
eval_20250915_055812_b2d46b84,incorrect,0.8247016343595591,0,5,0,,,0,,0.8247016343595591
eval_20250915_051526_01856466,incorrect,0.9261957015286816,0,5,0,,,0,,0.9261957015286816
eval_20250915_073855_bb93fdd3,correct,0.8143915323661141,5,0,0,,,1,,0.8143915323661141
eval_20250910_154229_97033124,correct,0.8946023482919787,5,0,0,,,1,,0.8946023482919787
eval_20250915_082328_57264987,incorrect,0.9302182502351835,0,5,0,,,0,,0.9302182502351835
eval_20250915_085024_6691d38a,incorrect,0.8352648058345106,0,5,0,,,0,,0.8352648058345106
eval_20250915_083611_5a001d84,correct,0.8001261564339781,5,0,0,,,1,,0.8001261564339781
eval_20250905_191644_7d95972a,correct,0.8102746538137864,5,0,0,,,1,,0.8102746538137864
eval_20250915_051719_0be61d96,incorrect,0.8279492246883551,0,5,0,,,0,,0.8279492246883551
eval_20250915_054857_2c008658,incorrect,0.6663718002839927,0,5,0,,,0,,0.6663718002839927
eval_20250915_072829_d5081760,incorrect,0.9189897722520054,0,5,0,,,0,,0.9189897722520054
eval_20250915_075140_fd6307b7,incorrect,0.9203073607803107,0,5,0,,,0,,0.9203073607803107
eval_20250915_033851_38d77923,incorrect,0.6911896226051425,0,5,0,,,0,,0.6911896226051425
eval_20250915_070846_b0524478,incorrect,0.8276428625635577,0,5,0,,,0,,0.8276428625635577
eval_20250915_043122_7d4df07e,incorrect,0.8351949239739339,0,5,0,,,0,,0.8351949239739339
eval_20250915_055407_73b95704,incorrect,0.8440369413195501,0,5,0,,,0,,0.8440369413195501
eval_20250915_025942_f7bfc193,incorrect,0.7143571182350914,0,5,0,,,0,,0.7143571182350914
eval_20250915_061715_8af69d14,correct,0.8499999999999999,4,1,0,,,1,,0.8499999999999999
eval_20250915_042736_463b40c5,incorrect,0.8000076423385556,0,5,0,,,0,,0.8000076423385556
eval_20250915_031255_98de430a,incorrect,0.9131156886591668,0,5,0,,,0,,0.9131156886591668
eval_20250915_055111_fa1317e2,incorrect,0.8500000000000001,0,5,0,,,0,,0.8500000000000001
eval_20250915_064235_72ac87d4,incorrect,0.8425315301625893,0,5,0,,,0,,0.8425315301625893
eval_20250915_022710_50368bd1,incorrect,0.7574502420656268,0,5,0,,,0,,0.7574502420656268
eval_20250915_064529_5e9fb5ed,correct,0.7574914350970691,5,0,0,,,1,,0.7574914350970691
eval_20250915_033019_76ec23e2,incorrect,0.842512371526456,0,5,0,,,0,,0.842512371526456
eval_20250915_020319_2193df24,incorrect,0.7101142680667079,0,5,0,,,0,,0.7101142680667079
eval_20250915_071906_3a1ef594,correct,0.7935088119112732,5,0,0,,,1,,0.7935088119112732
eval_20250915_065626_14d0b197,incorrect,0.6664516004776396,0,5,0,,,0,,0.6664516004776396
eval_20250915_030240_f6c0fdfa,incorrect,0.8157481064210408,0,5,0,,,0,,0.8157481064210408
eval_20250915_044539_11fb8c37,incorrect,0.9190141911069064,0,5,0,,,0,,0.9190141911069064
eval_20250915_080924_f1b77aac,incorrect,0.8279371480748745,0,5,0,,,0,,0.8279371480748745
eval_20250915_054925_d433da0a,incorrect,0.9351558653081321,0,5,0,,,0,,0.9351558653081321
eval_20250915_041651_2039bcdf,incorrect,0.8604713036868111,0,5,0,,,0,,0.8604713036868111
eval_20250915_060224_a278b753,incorrect,0.8276661338205069,0,5,0,,,0,,0.8276661338205069
eval_20250915_031503_7e6600d0,incorrect,0.8066341314625591,0,5,0,,,0,,0.8066341314625591
eval_20250915_044431_95110523,incorrect,0.7426120260436613,0,5,0,,,0,,0.7426120260436613
eval_20250915_061537_abcf9b99,incorrect,0.703593136877741,0,5,0,,,0,,0.703593136877741
eval_20250915_015945_f275d365,incorrect,0.6526726401977445,0,5,0,,,0,,0.6526726401977445
eval_20250915_020006_42f4c8b8,incorrect,0.8351180711860526,0,5,0,,,0,,0.8351180711860526
eval_20250915_021949_f7283870,correct,0.7773909716908951,5,0,0,,,1,,0.7773909716908951
eval_20250915_041040_1f1b2637,incorrect,0.842547435799741,0,5,0,,,0,,0.842547435799741
eval_20250915_082702_e8d2bd29,incorrect,0.8278625085363078,0,5,0,,,0,,0.8278625085363078
eval_20250915_075909_883e230b,correct,0.8828183795748576,5,0,0,,,1,,0.8828183795748576
eval_20250915_055705_a61bc407,incorrect,0.8763748810656518,0,5,0,,,0,,0.8763748810656518
eval_20250915_082514_b513ba9b,incorrect,0.8188158144839384,0,5,0,,,0,,0.8188158144839384
eval_20250915_062522_d7e4229b,incorrect,0.742510508215514,0,5,0,,,0,,0.742510508215514
eval_20250915_022037_3c2cf5ef,incorrect,0.6410744500846023,0,5,0,,,0,,0.6410744500846023
eval_20250915_083116_a6a71737,incorrect,0.7000651340996169,0,5,0,,,0,,0.7000651340996169
eval_20250915_044711_2ae5c280,incorrect,0.8350730966394532,0,5,0,,,0,,0.8350730966394532
eval_20250915_072528_aab49cd6,incorrect,0.8134827164270418,0,5,0,,,0,,0.8134827164270418
eval_20250915_044812_ca6a5313,incorrect,0.8548917401764233,0,5,0,,,0,,0.8548917401764233
eval_20250915_083459_40df50d2,correct,0.8330698739977089,5,0,0,,,1,,0.8330698739977089
eval_20250915_071738_97604732,incorrect,0.8278770822240816,0,5,0,,,0,,0.8278770822240816
eval_20250915_034800_12cb81f3,incorrect,0.8425511606597433,0,5,0,,,0,,0.8425511606597433
eval_20250915_030742_e0dd527c,incorrect,0.8425,0,5,0,,,0,,0.8425
eval_20250915_051206_8f06907e,correct,0.781454663558901,5,0,0,,,1,,0.781454663558901
eval_20250915_033646_f3d675f0,correct,0.8246326905417816,5,0,0,,,1,,0.8246326905417816
eval_20250915_020524_862bf7ca,incorrect,0.895699722317319,0,5,0,,,0,,0.895699722317319
eval_20250915_054947_acd3a09a,incorrect,0.933605117433645,0,5,0,,,0,,0.933605117433645
eval_20250915_065654_8fcdcabc,incorrect,0.7526851781219012,0,5,0,,,0,,0.7526851781219012
eval_20250915_022948_3bade68a,incorrect,0.6575078405874704,0,5,0,,,0,,0.6575078405874704
eval_20250915_082913_942df524,incorrect,0.8033664881407805,0,5,0,,,0,,0.8033664881407805
eval_20250915_062804_e969d3e5,incorrect,0.6549562569853933,0,5,0,,,0,,0.6549562569853933
eval_20250915_063643_f0a934ac,correct,0.7355803470813613,4,1,0,,,1,,0.7355803470813613
eval_20250915_034851_37bff68f,incorrect,0.9204328104328104,0,5,0,,,0,,0.9204328104328104
eval_20250915_021343_47f39175,correct,0.7822147908979089,5,0,0,,,1,,0.7822147908979089
eval_20250915_055912_d86adc8f,incorrect,0.8351423996339928,0,5,0,,,0,,0.8351423996339928
eval_20250915_034413_bc2a421c,incorrect,0.7425937237535313,0,5,0,,,0,,0.7425937237535313
eval_20250915_030523_e91565e4,incorrect,0.803336649575266,0,5,0,,,0,,0.803336649575266
eval_20250915_032350_09423d6a,correct,0.760571211647537,4,1,0,,,1,,0.760571211647537
eval_20250915_055535_84b476da,incorrect,0.6336793430292798,0,5,0,,,0,,0.6336793430292798
eval_20250915_050532_01a8dcc2,incorrect,0.8001367469421865,0,5,0,,,0,,0.8001367469421865
eval_20250915_052951_c83cc308,correct,0.7574642362713429,5,0,0,,,1,,0.7574642362713429
eval_20250915_041756_26eadc32,incorrect,0.9179962121212122,0,5,0,,,0,,0.9179962121212122
eval_20250915_020254_98322266,incorrect,0.9106647146062288,0,5,0,,,0,,0.9106647146062288
eval_20250915_074025_aee3dd90,incorrect,0.8279734675205855,0,5,0,,,0,,0.8279734675205855
eval_20250915_042445_071c067c,incorrect,0.8441263573543928,0,5,0,,,0,,0.8441263573543928
eval_20250915_021407_a0a6d658,incorrect,0.8500000000000001,1,4,0,,,0,,0.8500000000000001
eval_20250915_081532_74971cbb,incorrect,0.8349712523321783,0,5,0,,,0,,0.8349712523321783
eval_20250915_084151_e97c7cd1,incorrect,0.7001226147597518,0,5,0,,,0,,0.7001226147597518
eval_20250915_022013_42fd18f1,incorrect,0.7852312624026868,0,5,0,,,0,,0.7852312624026868
eval_20250915_051034_62599fa6,incorrect,0.8456195435748199,0,5,0,,,0,,0.8456195435748199
eval_20250915_031756_8219c9a3,incorrect,0.7336470543316407,0,5,0,,,0,,0.7336470543316407
eval_20250915_080406_533f9174,correct,0.75,5,0,0,,,1,,0.75
eval_20250915_033451_895a4a91,correct,0.7500000000000001,4,1,0,,,1,,0.7500000000000001
eval_20250915_060519_590523c4,incorrect,0.8098425196850393,0,5,0,,,0,,0.8098425196850393
eval_20250915_064352_49b45565,incorrect,0.8425907565588775,0,5,0,,,0,,0.8425907565588775
eval_20250915_065722_7c4f999e,incorrect,0.8106170529611668,0,5,0,,,0,,0.8106170529611668
eval_20250915_053254_450d7de5,incorrect,0.8425795862279565,0,5,0,,,0,,0.8425795862279565
eval_20250915_031917_0ca68d97,incorrect,0.6822126720924927,0,5,0,,,0,,0.6822126720924927
eval_20250915_075715_01bc081a,incorrect,0.7426284751474304,0,5,0,,,0,,0.7426284751474304
eval_20250915_070500_a0416cbb,incorrect,0.742582375478927,0,5,0,,,0,,0.742582375478927
eval_20250915_072009_510a3e84,correct,0.7575450878928545,5,0,0,,,1,,0.7575450878928545
eval_20250915_080504_e1fe7816,correct,0.8500000000000001,5,0,0,,,1,,0.8500000000000001
eval_20250915_072359_0480b6a6,correct,0.7650384277138378,5,0,0,,,1,,0.7650384277138378
eval_20250915_054256_c2648ada,incorrect,0.7425298804780875,0,5,0,,,0,,0.7425298804780875
eval_20250915_061642_588f084a,correct,0.7726016384656611,5,0,0,,,1,,0.7726016384656611
eval_20250915_083940_b695a39f,correct,0.7382366429717956,5,0,0,,,1,,0.7382366429717956
eval_20250915_062901_e4f2f7ae,incorrect,0.7246267513972897,0,5,0,,,0,,0.7246267513972897
eval_20250915_032100_496ba340,correct,0.7649608703951135,5,0,0,,,1,,0.7649608703951135
eval_20250915_033352_88fb694d,incorrect,0.6996883484379182,0,5,0,,,0,,0.6996883484379182
eval_20250915_020200_29e102e6,incorrect,0.7821477480219109,0,5,0,,,0,,0.7821477480219109
eval_20250915_074202_968a9b93,incorrect,0.7336919678561907,0,5,0,,,0,,0.7336919678561907
eval_20250915_060802_27aa3bea,incorrect,0.9169220029432851,0,5,0,,,0,,0.9169220029432851
eval_20250915_081833_770805bd,correct,0.7797884433217557,3,2,0,,,1,,0.7797884433217557
eval_20250915_034244_3c673f07,incorrect,0.8425818735719725,0,5,0,,,0,,0.8425818735719725
eval_20250915_035611_d8333364,incorrect,0.6752805965559657,0,5,0,,,0,,0.6752805965559657
eval_20250915_043220_bd888c7c,incorrect,0.6356097891362261,1,4,0,,,0,,0.6356097891362261
eval_20250915_035428_fd36c8c4,correct,0.7711863644540385,4,1,0,,,1,,0.7711863644540385
eval_20250915_071053_07058f08,incorrect,0.8350475499369822,0,5,0,,,0,,0.8350475499369822
eval_20250915_020820_74a69765,incorrect,0.835163893859215,0,5,0,,,0,,0.835163893859215
eval_20250915_081437_a87d84ad,incorrect,0.7927373980939258,0,5,0,,,0,,0.7927373980939258
eval_20250915_075323_80fea126,correct,0.8426184481574731,5,0,0,,,1,,0.8426184481574731
eval_20250915_070552_007b0d5a,incorrect,0.7425649424849546,0,5,0,,,0,,0.7425649424849546
eval_20250915_043255_91fa5cfe,incorrect,0.6971688034188034,0,5,0,,,0,,0.6971688034188034
eval_20250915_020558_364d959e,incorrect,0.7763706077601006,0,5,0,,,0,,0.7763706077601006
eval_20250915_045038_6cead7b8,incorrect,0.8351404398033462,0,5,0,,,0,,0.8351404398033462
eval_20250915_080954_991f0747,incorrect,0.8424998099292936,0,5,0,,,0,,0.8424998099292936
eval_20250915_072102_3fa6b179,correct,0.77539774037353,5,0,0,,,1,,0.77539774037353
eval_20250915_081023_a1c0bb60,incorrect,0.6753534654986937,0,5,0,,,0,,0.6753534654986937
eval_20250905_191544_8650ea57,incorrect,0.8672498861393653,0,5,0,,,0,,0.8672498861393653
eval_20250915_080750_12fa047f,correct,0.7499999999999999,4,1,0,,,1,,0.7499999999999999
eval_20250915_062250_18a04d63,incorrect,0.7178764979772537,0,5,0,,,0,,0.7178764979772537
eval_20250915_033520_b79ad2f9,incorrect,0.6853553781832002,0,5,0,,,0,,0.6853553781832002
eval_20250915_052635_bf4e2ad3,correct,0.792476507672178,3,2,0,,,1,,0.792476507672178
eval_20250915_061321_7be39af8,correct,0.7970617491774428,5,0,0,,,1,,0.7970617491774428
eval_20250915_052828_66cfd19c,incorrect,0.9425184284520101,0,5,0,,,0,,0.9425184284520101
eval_20250915_021655_b2f56163,correct,0.85,4,1,0,,,1,,0.85
eval_20250915_041835_951e0d8d,incorrect,0.85,0,5,0,,,0,,0.85
eval_20250915_021056_b7a9511e,incorrect,0.8391634980988593,0,5,0,,,0,,0.8391634980988593
eval_20250915_020502_ec405e2d,correct,0.8254432318590849,5,0,0,,,1,,0.8254432318590849
eval_20250915_065007_fa0cfdaa,correct,0.7724471830985916,5,0,0,,,1,,0.7724471830985916
eval_20250915_020346_6cdb508a,incorrect,0.8352153311169704,0,5,0,,,0,,0.8352153311169704
eval_20250915_034044_abdf6cf1,incorrect,0.7606915586904853,0,5,0,,,0,,0.7606915586904853
eval_20250915_033553_dff9387c,incorrect,0.8351524239778291,0,5,0,,,0,,0.8351524239778291
eval_20250915_053019_4aec1fa3,incorrect,0.8350901021540347,0,5,0,,,0,,0.8350901021540347
eval_20250915_052405_4cf697d0,incorrect,0.7589666820205743,0,5,0,,,0,,0.7589666820205743
eval_20250915_030146_f2477dd1,incorrect,0.8425685975609756,0,5,0,,,0,,0.8425685975609756
eval_20250915_084744_cc7615f6,incorrect,0.9186428109670305,0,5,0,,,0,,0.9186428109670305
eval_20250915_021030_321d1623,incorrect,0.8276520347508001,0,5,0,,,0,,0.8276520347508001
eval_20250915_041622_e523a7d7,incorrect,0.8425086173879741,0,5,0,,,0,,0.8425086173879741
eval_20250915_034216_770d3e71,incorrect,0.797581975071908,0,5,0,,,0,,0.797581975071908
eval_20250915_072500_71c4c8a4,correct,0.8499999999999999,5,0,0,,,1,,0.8499999999999999
eval_20250915_032456_9dcaa21b,correct,0.8574517403860771,5,0,0,,,1,,0.8574517403860771
eval_20250915_022850_242a1912,incorrect,0.7321337202642332,0,5,0,,,0,,0.7321337202642332
eval_20250915_061908_0c581a8d,incorrect,0.8352267966637467,0,5,0,,,0,,0.8352267966637467
eval_20250915_064105_3333342a,incorrect,0.9203163384859594,0,5,0,,,0,,0.9203163384859594
eval_20250915_022616_cde109f2,correct,0.7679666219067715,5,0,0,,,1,,0.7679666219067715
eval_20250915_021902_092bd7f9,incorrect,0.7574468892261002,0,5,0,,,0,,0.7574468892261002
eval_20250915_045951_4d03445a,correct,0.75,3,2,0,,,1,,0.75
eval_20250915_084908_aad1041f,incorrect,0.84246316584813,0,5,0,,,0,,0.84246316584813
eval_20250915_085059_e7dfcf38,incorrect,0.7302147651006711,0,5,0,,,0,,0.7302147651006711
eval_20250915_053822_3289857f,incorrect,0.8425194448680801,0,5,0,,,0,,0.8425194448680801
eval_20250915_083908_72db10d0,incorrect,0.8366684539083145,0,5,0,,,0,,0.8366684539083145
eval_20250915_080435_8a51c975,incorrect,0.8852031902772503,0,5,0,,,0,,0.8852031902772503
eval_20250915_061839_cf71fd51,correct,0.7574155933236795,5,0,0,,,1,,0.7574155933236795
eval_20250915_032723_97ae6aff,correct,0.7917202572347266,5,0,0,,,1,,0.7917202572347266
eval_20250910_153922_d383488c,correct,0.8384256525333648,3,2,0,,,1,,0.8384256525333648
eval_20250915_042611_df52d2c9,incorrect,0.8277975469412476,0,5,0,,,0,,0.8277975469412476
eval_20250915_041112_941684d6,incorrect,0.7746785945904704,0,5,0,,,0,,0.7746785945904704
eval_20250915_075847_25465c92,incorrect,0.9351101187068208,0,5,0,,,0,,0.9351101187068208
eval_20250910_154356_fb251460,correct,0.8068443969139103,5,0,0,,,1,,0.8068443969139103
eval_20250915_064720_5effefb3,correct,0.7574683544303796,5,0,0,,,1,,0.7574683544303796
eval_20250915_074129_a2eae3b7,incorrect,0.8099694306457776,0,5,0,,,0,,0.8099694306457776
eval_20250915_071150_62fb0557,incorrect,0.842477943413447,0,5,0,,,0,,0.842477943413447
eval_20250915_060945_befa35e3,incorrect,0.7425988483685222,0,5,0,,,0,,0.7425988483685222
eval_20250915_072256_0cd69695,incorrect,0.6664440191387561,0,5,0,,,0,,0.6664440191387561
eval_20250915_064423_a12421c4,incorrect,0.7002224608775697,0,5,0,,,0,,0.7002224608775697
eval_20250915_034121_0fc29d21,incorrect,0.6820652591170825,0,5,0,,,0,,0.6820652591170825
eval_20250915_030340_cec00181,incorrect,0.8097778115964085,0,5,0,,,0,,0.8097778115964085
eval_20250915_043926_4dec0d9b,incorrect,0.6830618954773102,0,5,0,,,0,,0.6830618954773102
eval_20250915_043728_57e02885,incorrect,0.8278011955855303,0,5,0,,,0,,0.8278011955855303
eval_20250915_070722_4d1bee5b,incorrect,0.8424937257586127,0,5,0,,,0,,0.8424937257586127
eval_20250915_030456_6d6352c4,incorrect,0.6156526271088292,0,5,0,,,0,,0.6156526271088292
eval_20250915_033715_6a287d03,incorrect,0.9276690188936946,0,5,0,,,0,,0.9276690188936946
eval_20250915_084223_63b6a3bc,incorrect,0.85,0,5,0,,,0,,0.85
eval_20250915_073417_c5bb731a,correct,0.75,5,0,0,,,1,,0.75
eval_20250915_072553_30c90ecd,correct,0.7500000000000001,5,0,0,,,1,,0.7500000000000001
eval_20250915_052307_4458f5a8,incorrect,0.645256780150029,0,5,0,,,0,,0.645256780150029
eval_20250915_080339_2a720b05,incorrect,0.6904430863254392,0,5,0,,,0,,0.6904430863254392
eval_20250915_050026_564b0551,incorrect,0.8278256887735632,0,5,0,,,0,,0.8278256887735632
eval_20250915_074348_21022622,incorrect,0.8688877029808644,0,5,0,,,0,,0.8688877029808644
eval_20250915_051103_de0d0b72,correct,0.7635451440850313,5,0,0,,,1,,0.7635451440850313
eval_20250915_035827_28734d69,incorrect,0.9276564389359131,0,5,0,,,0,,0.9276564389359131
eval_20250915_080003_ddb67e33,incorrect,0.8672895776359768,0,5,0,,,0,,0.8672895776359768
eval_20250915_031201_9fd358e1,incorrect,0.9203600377002826,0,5,0,,,0,,0.9203600377002826
